,post id,time stamp,author,post,likes,shares,comments,social media,sources
2,2849604131834734,2020-05-18 14:26:21, ,"ріарѕ│рІЏріЮ рІерЅхрѕФрЇіріГ ріарІ░рїІ рЅаріФрІЏріЋрЅ║рѕх!
=====================
рЅхрѕІріЋрЅх рѕЮрѕйрЅх рЅхріЋрѕ┐ рѕЇрїЄрЅИрІЅріЋ рЅарЅхрѕФрЇіріГ ріарІ░рїІ рІерЅ░ріљрїарЅЂ ріЦріЊрЅхріЊ ріарЅБрЅх Seifu On ebs рЇЋрѕ«рїЇрѕФрѕЮ рѕІрІГ рЅђрѕГрЅарІЅ рѕхрѕЇріГрѕхрЅ░рЅ▒ріЊ рѕхрѕѕ рѕЇрїЃрЅИрІЅ рѕ▓рІФрІѕрѕЕ рЅарїБрѕЮ ріарѕѕрЅђрѕхріЕрЇб#рІерѕЏрѕФріф рЅцрЅ░рѕ░рЅдрЅй ріарІГріЊрЅИрІЇ ріЦрІФрІг рІе7 ріарѕўрЅх рѕЇрїЃрЅИрІЇріЋ рѕ▓ріљрїарЅЂ ріЦрїЁрїЇ рѕЇрЅЦ рІГрѕ░рЅЦрѕФрѕЇрЇб рІГрѕё ріарІГріљрЅх рЅ│рѕфріГ рІерїѕрїарѕЏрЅИрІЇ рЅЦрІЎрІјрЅй ріарѕЅрЇб рібрЅхрІ«рїхрІФ рІЅрѕхрїЦ рІерѕўріфріЊ ріарІ░рїІ ріеріцрЅй ріарІГрЅф ріцрІхрѕх рЅарѕІрІГ рїѕрІ│рІГ рѕєріЌрѕЇрЇБ рѕЂрѕЅрѕЮ рЅцрЅх ріЦрІерїѕрЅБ ріљрІЇрЇб ріЦрІЅріљрЅх рѕѕрѕўріЊрїѕрѕГ рѕўріЋрїЇрѕхрЅхрѕЮ рЅхрѕФрЇіріГ ріарІ░рїІ рѕІрІГ рЅарЅхріЕрѕерЅх ріЦрІерѕ░рѕФ ріљрІЅ рІѕрІГ рЅЦрѕѕріЋ рЅЦріЋрїарІГрЅЁ рѕўрѕЇрѕ▒ріЋ рѕЂрѕІрЅйріЋрѕЮ ріЦріЊрІЅрЅђрІІрѕѕріЋрЇб рЅарЅ┤рѕѕрЅГрІЦріЋ рїБрЅбрІФ ""рЅарІЏрѕгрІЅ ріЦрѕѕрЅх рЅарЅхрѕФрЇіріГ ріарІ░рїІ---рѕ░рІЅ рѕърЅ░"" рЅЦрѕѕрІЅ ріерѕўрІўрїѕрЅЦ рІЅрїГ рѕЮріЋ ріарІГріљрЅх рІЅрѕ│ріћ рЅ░рІѕрѕхріќ рІФрІЅрЅЃрѕЇрЇб ріЦрІџрЅй рѕђрїѕрѕГ рѕІрІГ рІерѕ░рІЅ рѕърЅх рЅђрѕІрѕЇ рѕєріЌрѕЇрЇб рІерѕџрѕўрѕѕріерЅ░рІЅ ріаріФрѕЇ рѕЮріЋ ріЦрІерѕ░рѕФ ріљрІЅ??? ріарѕЂріЋрѕЮ ріЦріЋріЊрїѕрѕФрѕѕріЋ рЅарЅхрѕФрЇіріГ ріарІ░рїІ рѕърЅх рІГрЅЦрЅЃрЇБ рѕѕріарЅЦрІЏріърЅ╣ рібрЅхрІ«рїхрІФ рѕ╣рЇїрѕ«рЅй рѕЮріГрѕГ рЅхрѕГрїЅрѕЮ рІерѕѕрІЅрѕЮрЇБ рїарЅарЅЁ рІФрѕѕ рѕЁрїЇ рІГрІЅрїБрЇБ рѕѕрѕЮрѕ│рѕї рЅарі«рѕ«ріЊ рѕЮріГріЋрІФрЅх рЅБрѕѕрЅ│ріГрѕ▓рІјрЅй рїЇрѕЏрѕй ріЦріЋрІ▓рїГріЉ ріФрѕЇрѕєріљ рїЇріЋ 5,000 рЅЦрѕГ ріЦріЋрѕџрЅђрїА рѕхрѕѕрЅ░рІ░ріљрїѕрїѕ рѕЏріљрІЅ рЅхрѕГрЇЇ рїГріќ рѕ▓ріљрІ│ рІерѕЮрЅ│рІерІЅ рѕЏріЋрѕЮ рІерѕѕрѕЮрЇб рібрЅхрІ«рїхрІФ рѕІрІГ рїаріЋріерѕГ рІФрѕѕ рѕЁрїЇ ріерІѕрїБ рІерЅхрѕФрЇіріГ ріарІ░рїІрІЅріЋрѕЮ рѕєріљ рѕїрѕјрЅй ріарІ░рїІрІјрЅйріЋ рѕўрЅђріљрѕх рІГрЅ╗рѕІрѕЇрЇб
рІерѕЏрѕФріф рЅцрЅ░рѕ░рЅдрЅй рЇѕрїБрѕф рЇЁріЊрЅ▒ріЋ рІГрѕхрїБрЅйрѕЂ!!!
рѕЏрѕФріф ріљрЇЇрѕх рІГрѕЏрѕГ
­ЪўГ­ЪўГ­ЪўГ­ЪўГ",42,10,8,facebook,https://m.facebook.com/story.php?story_fbid=2849604131834734&id=915087325286434
6,2825534494241698,2020-05-09 10:19:34, ,"рІеріарЅЦрІГ рѕўріЋрїЇрѕхрЅх рІеріЊріќ рЅ║рЇЋрѕ┤рЅхріЋ(666) рЅаріГрЅхрЅБрЅх рѕўрѕЇріГ рЅарѕЮріарѕхрїѕрІ│рїЁ рѕірѕ░рїЦ ріљрІЇрЇб
рІері«рѕеріЊ рѕўріерѕІріерІФ ріљрІЇ рЅарѕџрѕЇ рѕ░рЅарЅЦ
рѕЁрЅЦрѕерЅ░рѕарЅА рѕІрІГ рі«рѕеріЊ ріЦріЋрІ│рІГрѕарѕФрїГ ріГрЅхрЅБрЅ▒ рЅаріарѕхрїѕрІ│рїЁ рЅарібрЅхрІ«рїхрІФ рѕірѕарїЦ рѕўрѕєріЉ ріЦрІерЅ░ріљрїѕрѕе ріљрІЇрЇб
ріерЅцрЅ░ріГрѕГрѕхрЅ▓рІФріЋ ріЦріЋрІхріЋрІЇрїБ ріЦріЋрІ│ріЋрЇђрѕЇрІГ рІерѕФрѕ│рЅйріЋріЋ рѕўрѕўрѕЁрѕ«рЅй рїГрѕЮрѕГ рЅ░рїарЅЁрѕўрІЇ рѕЏрѕхрїѕрІ░рІх ріерЅ╗рѕЅ ріљрїѕрІ░рѕъ рѕѕрѕўріќрѕГ рѕхріЋрѕЇ рЅарѕФрѕ│рЅйріЋ рѕўрѕЮрѕЁрѕФріЋ ріЦріЊ ріарЅБрЅХрЅй рІѕрЅхрІІрЅйріљрЅх ріГрЅхрЅБрЅ▒ріЋ рѕЏрѕѕрЅхрѕЮ рІе666 ріГрЅхрЅБрЅх рІерѕЮріЋрІѕрѕхрІхрЅарЅх рїірІю рЅЁрѕГрЅЦ рІГрѕєріЊрѕЇ рЇб
рѕхрѕѕрІџрѕЁ рѕЇріГ ріЦріЋрІ░рЅхрѕІріЋрЅ▒ ріљрїѕрѕхрЅ│рЅх ріЦрѕ│рЅх рЅбрІФріљрІ▒ ріЦріЋрІ│ ріЦріЊріЋрІФ ріарІЏрѕГрІФ ріЦріЊ рѕџрІЮрѕФрЅЁ ріЦріЋрЅб рІерѕџрѕЇ рЅхрІЇрѕЇрІх рѕЂрѕЅрѕЮ рѕ▓рЇѕрѕЕ ріЦрІЇріљрЅхріЋ рѕѕрѕўрѕўрѕхріерѕГ рІ▓рІ│ рѕ▓рѕєріЉ рЅарѕърЅ│рЅИрІЇ ріГрѕГрѕхрЅхріЊріЋ рібрІерѕ▒рѕхріЋ рЅ░рІІрѕЁрІХріЋ рІерѕЮрѕ░рЅЦріЕрЅарЅх рІўрѕўріЋ рІхрѕГрѕирѕЇрЇб
рІерЇЇріФрѕг рібрІерѕ▒рѕх рЅхріЋрЅбрЅх рѕўрЇѕрЇђрѕџрІФрІЇ 2012 рІЊ.рѕЮ
ріЋрЅЂ рІерІѕріЋрїїрѕЇ рЅхрѕЮрѕЁрѕГрЅх рЅарЇїрѕхрЅАріГ рѕўрѕЇрѕх рЅарі«рѕюріЋрЅх
May 6 at 7:30 AM ┬и
#рїЅрІх_______рїЅрІх________рїЅрІхРЮЌРЮЌРЮЌ
­ЪЉЅ ""рІе666 рѕЏрІГріГрѕ«рЅ║рЇЋ рЅарѕ░рІЇріљрЅ│рЅйріЋ рѕўрЅђрЅарѕГ ріарѕѕрЅарЅх""­ЪЉѕ
рІХ/рѕГ рЅЦрѕГрѕЃріЉ рЅ│рЇѕрѕ░ рЅАрѕЇрЅ╗ рЅаEBS рЅ┤ріГрЅХріГ рЇЋрѕ«рїЇрѕФрѕЮ рѕІрІГ
сђ░сђ░сђ░
#рѕИрѕГ ріарІхрѕГрїЅ рЅхрІЇрѕЇрІх рІерѕЏріЋрЅЃрЅх рѕђрѕІрЇіріљрЅх ріарѕѕрЅЦріЋРЮЌ
рІ│рІЇріЋрѕјрІх ріарІхрѕГрїІрЅйрѕЂрѕЮ ріарѕ░рѕФрїЕрЇЦ рѕ│рІФріљрѕ▒рЅх рЅарЇірЅхрЇб
рІерІЊрІЇрѕгрІЇріЋ рѕЮрѕЇріГрЅх рЅаріГрЅхрЅБрЅх рѕўрѕЇріГ рѕўрѕ░рїарЅх рЅ░рїђрѕўрѕе
рѕърІ░рѕГріЊ рІерѕџрЅБрѕЇ рѕЮрІГріГрѕ« рЅ║рЇЋріЋ (рІерІЊрІЇрѕгрІЇріЋ рѕЮрѕЇріГрЅхріЋ) рІерѕџрІФрѕўрѕГрЅх ріФрѕЮрЇЊріњ
рѕѕрі«рѕеріЊ рЅФрІГрѕерѕх ріГрЅхрЅБрЅх ріљрІЇ рІФрѕѕрІЇріЋ рі│ріЋрЅ░рѕЮ рІХрЅх рЅ│рЅ▒ рІѕрІГріЋрѕЮ рІ▓рїірЅ│рѕЇ ріарІГрІ▓ 2020
рІерЅ░рЅБрѕѕріЋ рІеріГрЅхрЅБрЅх ріарІГріљрЅх рЅарѕЎріерѕФ рІ░рѕерїЃ рѕ░рІјрЅйріЋ ріЦріЋрІ▓ріерЅхрЅЦ рЅарѕўріЋрїЇрѕхрЅх рЅ░рЇѕрЅЁрІХрѕѕрЅх
рІГрѕЁріЋ рІеріГрЅхрЅБрЅх ріарІГріљрЅх рѕѕрѕ░рІјрЅй рѕўрѕхрїарЅх рїђрѕўрѕерЇб",20,25,5,facebook,https://m.facebook.com/story.php?story_fbid=2825534494241698&id=915087325286434
13,2799505580177923,2020-04-27 22:17:34, ,"рІеріЦрѕхрѕФрЅх рѕ░рЅарѕГ рІюріЊ
*~РўЁРўЁ~*
Рђб рІѕрѕг ріљрїІрѕфрІг рїЇріЋ рѕ▓рІФрЅарѕ│рїГ ріарЅхрїарІГрЅЂріЮрЇб рІе20 рѕ║ рЅЦрѕГ рѕхрѕЇріГ рІГрІъ рЇјрЅХ рѕЏріЋрѕ│рЅх рІГріЋрЅђрїарЅђрїБрѕЇрЇб рЅ▓рѕй ріарѕѕ ріарїјрЅ┤ рѕїріњріЋрЇб рѕ▓рІФріЊрІхрІхрЇб
#ETHIOPIA | ~ РђюріЋрїЇрѕЦрЅ▓рЅи рѕхрЅхрЅђрѕГ рІерѕхрѕЮріЋрЅ░ріЏрІЇ рѕ║ ріЋрїЅрѕЦріЊ рІ░ріЋрїѕрїАрѕ«рЅ╣ рІЏрѕг ріерЅђріЉ рЅа8:00 рѕ░рІЊрЅх рЅарЅЂрїЦрїЦрѕГ рѕхрѕГ рѕўрІІрѕІрЅИрІЇ рЅ░ріљрїЇрѕ»рѕЇрЇб [ рЅарІџрѕЁ рІюріЊ рѕўрЅљрѕѕ рѕўрѕИрЅарѕ» ріљрІЇ рІХрѕ« рѕўрѕљрѕф рІ«рѕљріЋрѕх рѕ░рѕЮрЅ░рѕЃрѕЇрЇб]
РђбРђбРђб
рІерѕхрѕЮріЋрЅ░ріЏрІЇ рѕ║ ріЋрїЅрѕЦрЇБ рїјрІБрѕюрІЇ рїІрѕй РђюріЋрїЅрѕЦРђЮ рЅарѕІрЅИрІЇ ріарЅАрІгріЋ рїерѕЮрѕ« рЅарѕГріФрЅ│ рІерЅБрѕѕрІЏрѕ» рѕхріЋрІ▒ рѕўріЋрЇѕрѕх рІерѕ░рЇѕрѕерЅБрЅИрІЇ ріцрѕГрЅхрѕФрІЇрІФріЋріЊ рЅхрІЇрѕЇрІ░ рібрЅхрІ«рїхрІФрІЇрІФріЋ рІерѕхріЋрІ▒ рІ░ріЋрїѕрїАрѕ«рЅйріЊ ріФрІ│рѕџрІјрЅй ріерѕФрѕи ріерІѕрѕ« рѕхріЋрІ▒ рЅцрЅх рЅ│рЇЇрѕ░рІЇ рІѕрІ░ рЇќрѕірѕх рїБрЅбрІФ рѕўрїІрІЏрЅИрІЇ ріЦрІерЅ░ріљрїѕрѕе ріљрІЇрЇб ріЦрѕхрѕФрЅ▒ ріеріЦріћ рЅхрїЇрѕЇ рїІрѕГ ріарІГрІФрІЏрѕЮрЇб рѕЮріЋріарѕЇрЅБрЅх рІеріЦріћ рІЇрЅхрІѕрЅ│ ріЦріЋрІ░рїдрѕх рІХрѕ« рѕірІФрїѕрѕѕрїЇрѕЇ рІГрЅйрѕЇ рІГрѕєріЊрѕЇрЇб рїѕрІ│рЇІ рѕєріЋріЕрЅБрЅИрІЇрЇб рІљрІГріЋ ріарЅарІЏрѕЂрЅБрЅИрІЇрЇб ріарѕхрїарЅєрѕГрі│рЅИрІЇрЇб рѕірЅБрѕЇ рІГрЅйрѕІрѕЇрЇб
РђбРђбРђб
рІЏрѕг ріерЅђріЉ рЅа8 рѕ░рІЊрЅх рїђрѕЮрѕ« рЅарЅЂрїЦрїЦрѕГ рѕЦрѕГ рІерІІрѕЅрЅх рІерѕхріЋрІ▒ ріарІхрѕФрѕй рЇѕрѕерѕХрЅй рІеріЦрѕхрѕФрЅИрІЇ рІІріљріЏ рѕЮріГріЋрІФрЅх ріЦріЋрІ░рѕєріљ рІерЅ░ріљрїѕрѕерІЇ РђюрЅарІўрѕўріљ рі«рѕ«ріЊ рѕўріЋрїЇрѕЦрЅх рІерІѕрїБрІЇріЋ ріе4 рЅарѕІрІГ рѕ░рІјрЅй рѕўрѕ░рЅЦрѕ░рЅЦріЋ рІерѕџріерѕѕріГрѕѕрІЇріЋ рІљрІІрїЁ рїЦрѕ░рІЇ рІѕрѕ« рѕхріЋрІ▓рЅх РђюрѕўрѕхрЅђрѕѕ ріГрѕГрѕхрЅХрѕх рЅцрЅ░ ріГрѕГрѕхрЅ▓рІФріЋРђЮ рЅЦрѕІ рЅарѕ░рІерѕўрЅйрІЇріЊ рїФрѕЏ ріарѕхрІѕрѕЇрЅЃРђд",95,10,5,facebook,https://m.facebook.com/story.php?story_fbid=2799505580177923&id=915087325286434
20,2788330251295456,2020-04-23 02:02:24, ,рѕѕрѕўрїђрѕўрѕфрІФ рїірІю рѕЂрѕѕрЅх рІхрѕўрЅХрЅй рЅарі«рѕ«ріЊ рЅФрІГрѕерѕх рѕўрІФрІЏрЅИрІЇріЋ ріарѕюрѕфріФ ріарѕхрЅ│рІѕрЅђрЅй ::,91,7,7,facebook,https://m.facebook.com/story.php?story_fbid=2788330251295456&id=915087325286434
36,2744392622355886,2020-04-03 11:04:18, ,"share share
рІерЅарІЊрЅ│ рѕЏрѕГрІФрѕЮ рЇђрЅарѕЇ ріері«рѕ« ріљрЇЃ ріарІ░рѕерїѕ!!
рІерЅ░рІІрѕЁрІХ рѕЇрїєрЅй ріЦрІЇріљрЅ░ріЏ рЅ░рІЊрѕЮрѕГ ріљрІЇ share share рЅарѕЏрІхрѕерїЇ рІеріЦрїЇрІџріарЅЦрѕћрѕГріЋ рІхріЋрЅЁ рѕхрѕФ рѕўрѕхріГрѕЕрЇб
рѕЇрїЁрЅи рІерѕЮрЅхріќрѕерІЇ рІ▒рЅБрІГ ріљрІЇрЇбрЅ│рІ│ рІГрЅй ріЦрѕЁрЅ│рЅйріЋ рЅарі«рѕ«ріЊ рЅФрІГрѕерѕх рЅ░рїарЅЁрЅ│ рЅђріЊрЅхріЋ рЅєрІГрЅ│рѕѕрЅйрЇб рІГрѕЂріЋріЊ рѕђріфрѕЮ рЅцрЅх ріарѕЇрѕёрІ░рЅйрѕЮ рЇб рІГрѕЇрЅЂріЋрѕх ріарІхрѕх ріарЅарЅБ рѕѕрѕЮрЅхріќрѕерІЇ ріЦрѕЁрЅи рІерЅдрѕї ріарѕФрЅЦрѕ│ріЋ рЅарІЊрЅ│ рѕЏрѕГрІФрѕЮріЋ ріЦрѕЮріљрЅх ріЦріЊ рЇђрЅарѕЇ ріЦріЋрІхрЅхрѕЇріГрѕІрЅх ріљрїѕрѕерЅ╗рЅх ріЦрѕЁрЅирѕЮ рІеріљрїѕрѕерЅ╗рЅхріЋ рІерЅарІЊрЅ│ рѕЏрѕГрІФрѕЮріЋ рЇђрЅарѕЇ ріЦріЊ ріЦрѕЮріљрЅх рѕІріерЅйрѕІрЅхрЇб рІ▒рЅБрІГ рІФрѕѕрЅйрІЇ рѕЇрїЁрѕЮ рІерЅ░рѕІріерѕІрЅхріЋ рЇђрЅарѕЇ ріЦріЊ ріЦрѕЮріљрЅх рІФрѕѕ рѕЮріЋрѕЮ рѕўрїарѕФрїарѕГ рЅарѕЎрѕЅ ріЦрѕЮріљрЅх рЅ░рїарЅЁрѕЏрЅйрІЇрЇб ріЦрІЇріљрЅх ріљрІЇ рІерѕЮрѕІрЅйрѕЂ ріерЅ│рЅй рЅарѕЮрѕхрѕЇ рІерѕЮрЅ│рІЕрЅхріЋ рІері«рѕ«ріЊ рЅФрІГрѕерѕх рѕЮрѕЇріГрЅх ріарѕхрЅ│рІѕріФрЅхрЇбрІѕрІхрІФрІЇріЉ рѕёрІ│ рѕхрЅхрѕўрѕерѕЮрѕГ ріерЅФрІГрѕерѕ▒ рѕЎрѕЅ рЅарѕЎрѕЅ ріљрЇЃ рѕєріЊрѕѕрЅйрЇб
рІеріЦрїЇрІџріарЅЦрѕћрѕГ рѕхрѕФрІЇ рІхріЋрЅЁ ріљрІЇрЇб рЅарЅарІЋрЅ│рѕѕ рѕЏрѕГрІФрѕЮ рЇђрЅарѕЇріЊ ріЦрѕЮріљрЅх рІерІўрѕўріЉ ріарѕхріерЇі рІѕрѕерѕГрѕйріЮ рІхрѕЇ рЅ░ріљрѕ│рЇб ріЦріЋрі│ріЋ рІ░рѕх ріарѕІрЅйрѕЂ рЇб рІерЅ░рІІрѕЁрІХ рѕЇрїєрЅй рІГрѕёріЋріЋ рЅЦрѕхрѕФрЅх ріеріЦрѕЁрЅи ріаріЋрІ░рЅарЅх рѕ░рѕЏріЋрЇб
рІГрѕЁріЋріЋ рѕхріЊрїѕрѕГ рЅ░рѕерЅх рІерѕџрѕўрѕхрѕѕрІЇ рІГріќрѕФрѕЇ рїЇріЋ ріЦрІЇріљрЅх ріљрІЇ рІерѕЮрѕІрЅйрѕЂ рЇб
ріЦріЋрі│ріЋ рІ░рѕх ріарѕѕріЋ рІ░рѕх ріарѕІрЅйрѕЂ рЇб
ріЦрїЇрІџріарЅЦрѕћрѕГ ріеріЦріЏ рїІрѕГ ріерѕєріљ рѕЂрѕЅрѕЮ ріљрїѕрѕГ рЅ░рѕерЅх рѕєріќ рІГрЅђрѕФрѕЇ рЇб
рЅарѕЎрѕЅ ріЦрѕЮріљрЅх рЇђрЅарѕЅріЋ ріЦрѕЮріљрЅ▒ріЋ рЅ░рїарЅђрѕЎ рЅхрІхріЊрѕІрЅйрѕЂ рЇб ріарЅхрЇЇрѕЕ ріарЅхрїарѕФрїарѕЕ рЇб
share share share share ріарІхрѕГрїЅ рѕЂрѕЅрѕЮ рІГрѕхрѕЏрЇб
рѕ░ріЊрІГ рѕЮрѕйрЅхрЇб
ріерЅ│рЅй рІФрѕѕрІЇріЋ рѕЮрѕхрѕЇ рЅ░рѕўрѕЇріерЅ▒рЅх ріЦрѕФрѕ▒ріЋ рІері«рѕ«ріЊрѕЇ рѕЮрѕЇріГрЅх ріљрІЇ рІерѕџрѕўрѕхрѕѕрІЇ !!!!
рѕѕрЇћрїђ ріарІхрѕх рІерѕєріЊрЅйрѕЂ рЇћрїђріЋ like share рЅарѕЏрІхрѕерїЇ рЅцрЅ░рѕ░рЅц рІГрѕЂріЉ рІФрЅ░рѕГрЇІрѕЅ рЇб
рїІрІюрїаріЏ рѕЎрѕЅрїїрЅ│ ріарІѕрЅђ/рІў рІІрІхрѕІрІЇ/
рѕИрїѕрѕГ ріарІ▒ рїѕріљрЅх ріарІхрѕх ріарЅарЅБ",736,387,168,facebook,https://m.facebook.com/story.php?story_fbid=2744392622355886&id=915087325286434
52,4092720240768186,2020-05-26 20:46:38, ,"ріЦріЋрІ▓рѕЁ рѕєріљрѕІрЅйрѕЂ!
рЅарІхріЋрі│ріЋ рІерЅ░рѕ░рЅарѕ░рЅАрЅх рѕђрІўріЋрЅ░ріърЅй
рібрЅхрІ«рїхрІФ рЇА рі«рѕ«ріЊрЅФрІГрѕерѕх рЅарѕЮрѕГрѕўрѕФ рІерЅ░рїѕріўрЅБрЅИрІЇ рѕ░рІјрЅй рЅЂрїЦрѕГ 701 рІ░рѕГрѕирѕЇ
ріарІ▓рѕх ріарЅарЅБ - рѕЇрІ░рЅ│ ріГрЇЇрѕѕ ріерЅ░рѕЏрЇБ рІѕрѕерІ│ 3рЇБ рЅђрїаріЊ 5рЇБ рѕўріЋрІ░рѕГ 3 (ріарЅЦріљрЅх рѕарЇѕрѕГ) ріаріЋрІх рѕ░рІЇ рЅарі«рѕ«ріЊрЅФрІГрѕерѕх рЅ░рІГрІъ рІГрѕърЅ│рѕЇрЇб рѕђрІўріЋрЅ░ріърЅйріЋ рѕѕрѕЏрѕхрЅ░рІўрІўріЋ рѕ░рІјрЅй рЅарІхріЋрі│ріЋ рЅ░рѕ░рЅБрѕ░рЅАрЇб
рЅарі«рЅфрІх -19 рІерѕърЅ▒рЅх рІеріарѕФрЅ░ріЏрІЇ рѕ░рІЇ рЅцрЅ░рѕ░рЅЦріЋ рѕѕрѕЏрѕхрЅ░рІЏрІўріЋрЇА рѕѕрЅЁрѕХ рЅ░рЅђрѕЮрїарІЇ рІеріљрЅарѕЕ ріе30 рЅарѕІрІГ рІерѕўріЋрІ░рѕЕ ріљрІІрѕфрІјрЅй рЅарі«рѕ«ріЊрЅФрІГрѕерѕх рІГрІФрІЏрѕЅрЇб
рІеріаріФрЅБрЅбрІЅ ріљрІІрѕфрІјрЅй рЅарѕЎрѕЅ (рЅаріљрІІрѕфрІјрЅ╣ рЇѕрЅЃрІхріЊ рІГрѕЂріЋрЅ│) ріерѕїрѕјрЅй ріаріФрЅБрЅбрІјрЅй ріљрІІрѕфрІјрЅй рїІрѕГ ріЦріЋрІ│рІГрїѕріЊріЎ рѕФрѕ│рЅИрІЇріЋ ріарїЇрІ░рІІрѕЇрЇб
рІеріљрІІрѕфрІјрЅ╣ рЇѕрЅЃрІхріЊ рІГрѕЂріЋрЅ│ - рѕѕріарїѕрѕГ ріЦріЊ рѕѕрѕЋрІЮрЅЦ рІерѕ░рїАрЅх (рѕЋрІЮрЅБрІі рЅ│рѕІрЅЁ ріерЅарѕгрЅ│) ріЦріЋрІ░рѕєріљ рІерЅарїј рЇѕрЅЃрІ░ріЏ рІѕрїБрЅХрЅй рЅ░ріЊрїЇрѕерІІрѕЇрЇб
рЅаріарЅЦріљрЅх рѕарЇѕрѕГ - рІерЅарїј рЇѕрЅЃрІ░ріЏ рІѕрїБрЅХрЅй (рІФрїѕрѕг рѕЇрїєрЅй - рІерібрЅхрІ«рїхрІФ рѕЇрїєрЅй) рІГрѕЁріЋріЋ рЅ│рѕІрЅЁ рІерїђрїЇріЋріљрЅх рѕЦрѕФ ріЦрІФрѕхрЅ░рЅБрЅарѕЕ рІГрїѕріЏрѕЅрЇб
рЅаріљрїѕрѕФрЅйріЋ рѕІрІГ
ріЦріЊріЋрЅ░рІг - рЅа 24 рѕ░рІЊрЅ│рЅх рІЇрѕхрїЦ Рђд
рЅа 24 рѕ░рІЊрЅ│рЅх рІЇрѕхрїЦ рІерЅ░рІ░рѕерїЅ рІерѕІрЅдрѕФрЅХрѕф рѕЮрѕГрѕўрѕФ ріЊрѕЎріЊрІјрЅ╣ рЅаріЦріљрІџрѕЁ рѕўріЋрїѕрІХрЅй рІерѕџрІѕрѕ░рІ▒ ріЊрЅИрІЇрЇб ріерЅ░рѕѕрІФрІЕ рЅдрЅ│рІјрЅй рІГрЅарѕЇрїЦ рЅ░рїІрѕІрїГ ріерѕєріЉ рІерѕЏрѕЁрЅарѕерѕ░рЅЦ ріГрЇЇрѕјрЅйрЇБ ріерїцріЊ рЅ░рЅІрѕЏрЅхрЇБ рЅарЅФрІГрѕерѕ▒ ріерЅ░рІФрІў рѕ░рІЇ рїІрѕГ рІерЅЁрѕГрЅЦ ріЋріГріф ріФрѕІрЅИрІЇРђд",4695,590,166,facebook,https://m.facebook.com/story.php?story_fbid=4092720240768186&id=277650185608563
54,4089088694464674,2020-05-25 22:06:49, ,"рЅЁрІхрѕхрЅх рІўрѕўріљ - ріЦрїЁ ріљрѕхрЅ░ріЊрѕЇ! Рђд ріарѕўрѕхрїЇріљріЊрѕЇ!
ріерІ░рїІрїЇ рѕЇрЅдрЅй ріаріЋрІ┐ (рІЮрѕЮрЅ░ріЏ рїђрїЇріЊ) рІерѕєріљрЅйрІЇ рЅЁрІхрѕхрЅх рІўрѕўріљ рЅ░рІѕрѕЇрІ│ рІФрІ░рїѕрЅйрІЇ рібрЅхрІ«рїхрІФ - рїјріЋрІ░рѕГ ріерЅ░рѕЏ ріарІўрІъ рІЇрѕхрїЦ ріљрІЇ:: рЅаріарѕЂріЉ рѕ░ріарЅх рІерѕЮрЅхріќрѕерІЇ рЅаріарѕюрѕфріФ рїЇрІЏрЅх рЅарѕєріљрЅйрІЇ рІ░ріћріЋрЅерѕГ рі«рѕјрѕФрІХ (Denver, Colorado) ріљрІЇ:: рІе Aveda institute рѕЮрѕЕрЅЁ рѕхрЅхрѕєріЋ рІе makeup artist ріЦріЊ рІе hairstylist рЅБрѕѕрѕЎрІФ ріЊрЅхрЇб
рЅ░рїерѕЏрѕфрѕЮ beautybykidist https://www.youtube.com/channel/UC_vUFjbWnAYP2ZpBB_p1lqA рІерѕџрЅБрѕЇ рІерІЕрЅ▓рІЕрЅЦ рЅ╗ріЊрѕЇ ріарѕІрЅхрЇб 140рѕ║рѕЁ subscriber ріарѕІрЅх::
рЅБрѕѕрЅхрІ│рѕГ ріЦріЊ рІеріаріЋрІх рѕЇрїЁ ріЦріЊрЅх ріЊрЅх::
рі«рЅфрІх- 19 рѕђрїѕрѕФрЅйріЋ рѕІрІГ рЅарІ░рѕерѕ░рІЇ рїЅрІ│рЅх ріЦрїѕрІЏ рѕІрІГ ріЦріЋрІ▓рІЇрѕЇ рЅарѕЏрѕ░рЅЦ ріерѕ░рЅЦрѕхріГрѕФрІГрЅарѕ«рЅ┐ рїІрѕГ рЅарѕўрѕєріЋ рІе 100,000.00 (рІеріаріЋрІх рѕўрЅХ рѕ║рѕЁ рЅЦрѕГ) ріЦрѕГрІ│рЅ│ рѕѕ рѕЎрІ│рІГ рЅарїј ріарІхрѕФрїјрЅх рѕЏріЁрЅарѕГ ріарЅарѕГріГрЅ░рІІрѕЇ::
рЅЁрІхрѕхрЅх рІўрѕўріљ -рѕ░рЅЦрѕхріГрѕФрІГрЅарѕ«рЅ┐ріЋ рЅарѕЏрѕхрЅ░рЅБрЅарѕГ - (рѕђрїѕрѕг рѕЏріЋ ріарѕІрЅх? Рђд рібрЅхрІ«рїхрІФ рѕЏріЋ ріарѕІрЅх? Рђд) рЅарѕЏрѕѕрЅх рІеріГрЇЅ рЅђріЋ рІѕрІ│рїєрЅйрЇА рІерібрЅхрІ«рїхрІФ рѕЇрїєрЅй рЅ░рѕерЅБрѕГрЅарІІрѕЇрЇб рІЏрѕг - ріаріЕрѕф рЅ░рїЇрЅБрѕГ рЇѕрїйрѕўрІІрѕЇрЇб
рІерѕЎрІ│рІГ рЅарїј ріарІхрѕФрїјрЅх рѕЏріЁрЅарѕГ рѕўрѕЦрѕФрЅйріЊ рѕЏріћрїѓріЋрїЇ рІ│рІГрѕгріГрЅ░рѕГ рІѕ/рѕ« рѕЎрІ│рІГ рѕЮрЅхріЕ ""рЅЁрІхрѕхрЅх рІўрѕўріљ ріЦріЊ рІерІЕрЅ▓рІЕрЅЦ рЅ╗ріЊрѕЇ рѕ░рЅЦрѕхріГрѕФрІГрЅарѕ«рЅ┐ріЋ ріарїѕрѕГ ріЦріЊ рѕЋрІЮрЅЦ ріарѕўрѕхрїЇріЉрѕЇріЮ "" рЅЦрѕѕрІІрѕЇрЇб
ріЦріЊріЋрЅх рІФрїѕрѕг рѕЇрїЁ! Рђд
рѕўрѕЇріФрѕЮ рѕЦрѕФ рѕхрѕФріЊ рѕ░рІГрїБріЋ рІГрЇѕрѕГ!
рѕўрѕЇріФрѕЮ рѕЦрѕФ рѕхрѕФріЊ рѕИрІГрїБріЋ рІГрЇѕрѕГ!",5566,186,190,facebook,https://m.facebook.com/story.php?story_fbid=4089088694464674&id=277650185608563
57,4077351888971688,2020-05-22 23:00:01, ,"ріЦрѕЂрІхрЇА1 рѕ║ 441ріЏрІЇ рібрІх ріарѕЇ рЇѕрїЦрѕГ рІГріерЅарѕФрѕЇ
рІерібрІх рѕ░рѕІрЅх рЅарІерЅцрЅ│рЅйріЋ ріЦріЋрѕхрїѕрІх! - рЇЋрѕгрІџрІ│ріЋрЅх рЅ░рЅђрІ│рѕџ рѕЎрЇЇрЅ▓ рѕЃрїѓ ріАрѕўрѕГ ріЦріЋрІхрѕфрѕх
ріарѕГрЅЦ рѕЮрѕйрЅх рїерѕерЅЃ рЅБрѕѕрѕўрЅ│рІерЅи 1 рѕ║рѕЁ 441ріЏрІЇ рібрІх ріарѕЇ рЇѕрїЦрѕГ рЅарІЊрѕЇ ріЦрѕЂрІх ріЦріЋрІ░рѕџріерЅарѕГ рІерібрЅхрІ«рїхрІФ ріЦрѕхрѕЇрѕЮріЊ рїЅрІ│рІ«рЅй рїарЅЁрѕІрІГ рѕЮріГрѕГ рЅцрЅх ріарѕхрЅ│рІЇрЅІрѕЇрЇб
Рђ╣Рђ╣рЅарІЊрѕЅ ріеріљрїѕ рЅарѕхрЅ▓рІФ рѕЏрѕѕрЅхрѕЮ ріЦрѕЂрІх рЅ░ріерЅЦрѕ« рІГрІЇрѕІрѕЇ!Рђ║Рђ║ рЅЦрѕѕрІІрѕЇ рІерїарЅЁрѕІрІГ рѕЮріГрѕГ рЅцрЅ▒ рІерѕЁрІЮрЅЦ рїЇріЋріЎріљрЅх ріЃрѕІрЇі ріарЅХ ріАрѕхрѕЏріЋ ріарІ░рѕЮрЇАрЇА
Рђ╣Рђ╣рІерібрІх рЅарІЊрѕЇ рѕхріЊріерЅЦрѕГ рІері«рѕ«ріЊ рЅФрІГрѕерѕх рІерЅ░ріерѕ░рЅ░рЅарЅх рІѕрЅЁрЅх рЅарѕўрѕєріЉ рЅФрІГрѕерѕ▒ ріЦріЋрІ│рІГрѕ░рѕФрїГ рїЦріЋрЅЃрЅё ріЦріЊрІхрѕГрїЇ!Рђ║Рђ║ рѕ▓рѕЅ рІерїарЅЁрѕІрІГ рѕЮріГрѕГ рЅцрЅ▒ рЇЋрѕгрІџрІ│ріЋрЅх рЅ░рЅђрІ│рѕџ рѕЎрЇЇрЅ▓ рѕЃрїѓ ріАрѕўрѕГ ріЦріЋрІхрѕфрѕх ріарѕ│рѕхрЅарІІрѕЇрЇАрЇА
ріарІФрІГрІўрІЇрѕЮ рІерібрІх рѕ░рѕІрЅхріЋ рЅарІерЅцрЅ│рЅИрІЇ рѕєріљрІЇ ріЦріЋрІ▓рѕ░рїЇрІ▒рѕЮ рѕўрѕЇрІЋріГрЅх ріарѕхрЅ░рѕІрѕЇрЇѕрІІрѕЇрЇб",4711,189,249,facebook,https://m.facebook.com/story.php?story_fbid=4077351888971688&id=277650185608563
58,4077334205640123,2020-05-22 22:12:38, ,"­ЪїЇріЦріЋрі│ріЋ рІѕрІ░ ріарІ▓рѕ▓рЅи ріарѕѕрѕЮ рЅарІ░рѕЁріЊ рѕўрїА! Welcome to the new era of Enlightenment
рІГрѕЁ рѕѕ500 ріарѕўрЅ│рЅх рѕ▓рЅЦрѕІрѕІріЊ рѕ▓ріЋрЅ░ріерЅ░ріГ рІерЅєрІЇ рІеріарЅЦрѕГрѕєрЅх рЇЇріЋрІ│рЅ│ рІўрѕўріЋ ріљрІЇ рІГрѕІрѕЇ рѕхрЅ┤рЅеріЋ рЇњріљріерѕГрЇАрЇА ріЦріЋрІ░рі«рѕ«ріЊ рІѕрѕерѕГрѕйріЮ рІФрѕЅ ріерЅБрЅБрІх ріарІ░рїІрІјрЅй рІ░рїЇрѕъ рЅЦрѕЇрѕЂріЋ рѕ░рІЇ(Homo sapiens) рѕѕрІ░рѕерїђ (Sophisticated) ріЦріЊ рѕѕрЅ░рѕ╗рѕѕ(resilient) рѕхрѕЇрїБріћ рЅарѕГріЋ рІГріерЇЇрЅхрѕѕрЅ│рѕЇ ріЦріЋрїѓ рІерѕ░рІЇ рѕЇрїєрЅй рЅЦрІЎ рІІрїІ рІеріерЇѕрѕЅрЅарЅхріЋ рѕхрѕЇрїБріћ рѕѕрѕхрЅЦрѕФрЅх(fracture of civilization) ріарІГрІ│рѕГрїѕрІЇрѕЮ рЅБрІГ ріљрІЇрЇАрЇА рѕЮріГріљрІФрЅ▒рѕЮ рІГрѕЁ рІеріарЅЦрѕГрѕєрЅх(рІерѕ│ріЋрѕхріЊ ріарѕўріГріЋрІ«) рІўрѕўріЋ ріљрІІ! ріљрїѕрѕГ рїЇріЋ рІѕрІ░рЇірЅ▒(post corona world) рІерїцріЊрЇБ рІеріЋрїЇрІхрЇБ рІерЅБрѕЁрѕЇріЊ рІерЇќрѕѕрЅ▓ріФ ріЦрѕГрѕЮрїЃрЅйріЋ рѕЮріЋ рІГрѕўрѕхрѕЇ рІГрѕєріЋ рІерѕџрѕѕрІЇ ріерЅБрІх рїЦрІФрЅё ріљрІЇрЇАрЇА рІерѕ░рІЇ рѕЇрїєрЅй ріЦріЋрІ▓рѕЁ ріарІГріљрЅх ріерЅБрІх рѕўрЅЁрѕ░рЇЇрЅХрЅй рѕ▓рІФрїІрїЦрѕЏрЅИрІЇ ріЦріЋрІ░рѕЮріЋ ріарѕѕрЇЅрЅх? ріерѕўрЅЁрѕ░рЇЇрЅ▒ рЅаріІрѕІ рѕўріЋрїѕрІ│рЅИрІЇріЋ ріЦріЋрІ░рѕЮріЋ рЅђрІерѕЕ? рѕЮріЋ рЅ░рѕ│ріФрѕІрЅИрІЇ? рѕЮріЋрѕх ріерѕ░рѕЕ?
рІерѕ░рІЇ рѕЇрїєрЅй рЅарїарЅЁрѕІрѕІрІЇ рІеріарЅЦрѕГрѕєрЅх рЅйрЅд ріерЅ░рѕѕрі«рѕ░рЅарЅх ріерІЏрѕг 500 ріарѕўрЅх(pre enlightenment world) рІГріќрѕЕ ріеріљрЅарѕерІЇ рѕЁрІГрІѕрЅх рІерЅ░рѕ╗рѕѕ ріЦрІеріќрѕЕ ріљрІЇ? рІерІЏрѕг рѕўрЅХ ріарѕўрЅх рІФрїІрїарѕЏрЅИрІЇ рѕўрЅЁрѕ░рЇЇрЅх рІерїјрІ│рЅИрІЇріЋ рІФрѕЁрѕЇ рІЏрѕг рІерѕџрІФрїІрїЦрѕЏрЅИрІЇРђд",1125,82,48,facebook,https://m.facebook.com/story.php?story_fbid=4077334205640123&id=277650185608563
59,4075888789117998,2020-05-22 14:01:40, ,"429 рІ░рѕГрѕирѕЇ!
Рђб рІЏрѕг рЅ░рїерѕЏрѕф 30 рѕ░рІјрЅй рі«рѕ«ріЊрЅФрІГрѕерѕх рЅ░рїѕріЮрЅХрЅБрЅИрІІрѕЇ
Рђб ріарѕФрЅ▒ рІерІЇрїГ рѕђрїѕрѕГ рІерїЅрІъ рЅ│рѕфріГрѕЮ рѕєріљ ріЋріГріф рІерѕїрѕІрЅИрІЇ ріЊрЅИрІЇ
рЅарібрЅхрІ«рїхрІФ рЅБрѕѕрЇЅрЅх 24 рѕ░рІЊрЅх 3645 рІерѕІрЅдрѕФрЅХрѕф рѕЮрѕГрѕўрѕФ рЅ░рІхрѕГрїЊрѕЇрЇАрЇА рІЏрѕг - 30 рѕ░рІјрЅй рІері«рѕ«ріЊрЅФрІГрѕерѕх ріЦріЋрІ░рЅ░рїѕріўрЅБрЅИрІЇ рїцріЊ рѕџріњрѕхрЅхрѕГ рІХріГрЅ░рѕГ рѕірІФ рЅ│рІ░рѕ░ рЅ░ріЊрїЇрѕерІІрѕЇрЇб
рЅФрІГрѕерѕ▒ ріерЅ░рїѕріўрЅБрЅИрІЇ рѕўріФріерѕЇ
18 ріарІ▓рѕх ріарЅарЅБрЇБ
3 ріарЇІрѕГ ріГрѕЇрѕЇрЇБ
4 рідрѕ«рѕџрІФ ріГрѕЇрѕЇрЇБ
3 рЅхрїЇрѕФрІГ ріГрѕЇрѕЇ ріЦріЋрІ▓рѕЂрѕЮ
2 рІерІхріЋрЅарѕГ рЅ░рѕ╗рїІрѕф ріарѕйріерѕГріФрѕфрІјрЅй ріЊрЅИрІЇрЇб
рЅарібрЅхрІ«рїхрІФ рЅФрІГрѕерѕ▒ рІерЅ░рїѕріўрЅБрЅИрІЇ рѕ░рІјрЅй рЅЂрїЦрѕГ 429 рІ░рѕГрѕирѕЇрЇб
(Photo by Jane Barlow - WPA Pool/Getty Images)",3277,124,143,facebook,https://m.facebook.com/story.php?story_fbid=4075888789117998&id=277650185608563
73,4029360700437474,2020-05-11 21:18:33, ,"рІерЅФрІГрѕерѕ▒ ріарІ░рїѕріЮріљрЅх ріЦріЊ ріГрЇІрЅх рѕЇрїЁ ріарЅБрЅ▒ріЋ рѕўрѕИріўрЅх ріЦріЊ рІерІўрѕўрІх ріарІЮрѕЏрІх рЅарЅ░рїѕрЅбрІЇ рѕєріћрЅ│ рѕўрѕ░ріЊрЅарЅхріЋ рѕЏрѕхрЅђрѕерЅ▒ ріљрІЇ:: ріеріарЅБрЅ│рЅИрІЇ рїІрѕГ ріЋріфріф рІеріљрЅарѕФрЅИрІЇ рѕЇрїєрЅй рѕѕрІГрЅХ рѕўрЅєрІФ ріЊрЅИрІЇріЊ рѕўрїѕріўрЅх ріарѕЇрЅ╗рѕЅрѕЮ:: рЅарїБрѕЮ рѕЇрЅЦ рІерѕџрІФрІ░рѕЏ ріљрІЇ::
GETUTEMESGEN365.COM
рі«рѕ«ріЊ рЅђрѕЇрІх ріарІГрІ░рѕѕрѕЮ! РђЊ рІерЅђрЅЦрѕГ рѕЦрѕГрІЊрЅ▒ рІерѕџрІФріеріЊрІЇріЉрЅх ріеріарѕЮрѕхрЅх рѕ░рІјрЅй ріарІГрЅарѕЇрїАрѕЮ!",3303,395,167,facebook,https://m.facebook.com/story.php?story_fbid=4029360700437474&id=277650185608563
83,145073937096228,2020-05-21 21:16:26, ,"рІЏрѕг рЅаQuartz рІхрѕе рїѕрїй рІФрѕ│рЅ░рѕЮріЕрЅхріЋрЇц
рІерібрЅхрІ«рїхрІФ рѕўріЋрїЇрѕхрЅх ріерЅцрѕЕрЅх рЅарІџрѕЁ рѕ│рѕЮріЋрЅх рѕўріљрѕ│рЅх рІеріљрЅарѕерЅБрЅИрІЇ рЅарѕерѕФрІјрЅйріЋ рѕ░рѕГрІъ рЅарѕўрЅХрІјрЅй рІерѕџрЅєрїарѕЕ рібрЅхрІ«рїхрІФрІЇрІФріЋ ріарІерѕГ рѕІрІГ рЅ░ріЋрїарѕЇрїЦрѕѕрІЇ рІГрїѕріЏрѕЅрЇб 550 рІХрѕІрѕГ ріерЇЇрѕѕрІЇ рѕѕрІѕрѕФрЅх рѕ▓рїарЅЦрЅЂ рѕѕріерѕерѕЎ рѕЮріЋрѕЮ ріарІГріљрЅх рѕўрѕерїЃ ріарѕѕрѕЏрїЇріўрЅ│рЅИрІЇріЋрѕЮ ріаріФрЇЇрѕѕрІЇріЏрІЇрѕЇрЇб рІерібрЅхрІ«рїхрІФ ріарІерѕГ рѕўріЋрїѕрІхрѕЮ ріаріљрїІрїЇрѕеріЊрѕЇрЇц ріарІерѕГ рѕўріЋрїѕрІ▒ рѕѕрЅ▓рігрЅх ріЦрѕхріе 680 рІХрѕІрѕГ ріЦрІерїарІерЅђ ріЦріЋрІ░рѕєріљрѕЮ ріаріљрїІрїЇрѕерІЇріЏрѕЇрЇб рІерібрЅхрІ«рїхрІФрІЇрІФріЋ рѕ░рЅєрЅЃ рЅарѕірЅБріќрѕх ріЦріЋрІ░рЅђрїарѕѕ ріљрІЇрЇб
QZ.COM
Thousands of Ethiopian domestic workers are stranded in Lebanon by the coronavirus crisis",1,2,2,facebook,https://m.facebook.com/story.php?story_fbid=145073937096228&id=106695084267447
85,143823710554584,2020-05-18 06:43:32, ,"рѕ░рѕъріЉріЋ рІерІѕрїБрІЇ рѕірЅБріќрѕх ріљріГ рѕхрѕФрІгріЋ рѕІрѕІрІФрЅйрѕЂрЇц
рЅарѕірЅБріќрѕх ріерѕўрїІрЅбрЅх рІѕрѕГ рїђрѕЮрѕерІЇ рібрЅхрІ«рїхрІФрІЇрІФріЋ рЅарі«рЅфрІх19 рѕўрІФрІЏрЅИрІЇріЋ рІерѕџрІФрѕ│рІГ рѕўрѕерїЃ ріерІФрїѕрѕфрЅ▒ рІерїцріЊ рѕџріњрѕхрЅ┤рѕГ рІхрѕе рїѕрїй рѕўрѕерІ│рЅх рЅйрѕѕріЋ ріљрЅарѕГрЇб рІГрѕЂріЋ ріЦріЋрїѓ ріЦрѕхріе рЅЁрѕГрЅА рЅарѕЃрїѕрѕфрЅ▒ рІерЅ░рѕўрІ░рЅарІЇ рІерібрЅхрІ«рїхрІФрІЇ рЅєріЋрѕхрѕІ рЅєріЋрѕхрѕЇ рІерѕєріЉрЅх ріарЅХ ріаріГрѕірѕЅ рЅ│рїарѕе ріаріЋрІхрѕЮ рібрЅхрІ«рїхрІФрІі рЅарЅЦрѕйрЅ│рІЇ ріЦріЋрІ│рѕЇрЅ░рІФрІўріЊ рІерібрЅхрІ«рїхрІФрІЇрІФріЋ рІѕрЅЁрЅ│рІі рѕЂріћрЅ│ ріЦріЋрІ░рѕџріерЅ│рЅ░рѕЇрѕЮ рїерѕЮрѕерІЇ рІГрїѕрѕЇрї╣ ріљрЅарѕГрЇб рІГрѕЁ ріарЅІрѕЏрЅИрІЇ ріЦрѕхріе ріаріЋрІх рѕ│рѕЮріЋрЅх рЅарЇірЅх VOA Amharic рЅђрѕГрЅарІЇ рЅБрІ░рѕерїЅрЅх рЅЃрѕѕ рѕЮрѕЇрѕЇрѕх рѕІрІГ ріарѕЇрѕѕрІѕрїАрЅхрѕЮ ріљрЅарѕГрЇб
рЅєріЋрѕхрѕІрІЇ рібрЅхрІ«рїхрІФрІірІЇ рѕЏрѕЁрЅарѕерѕ░рЅЦ рѕѕрі«рѕ«ріЊ рѕўрїІрѕѕрїАріЋ рІ░рЅЦрЅєрЅх рІГрѕєріЋ рІѕрІГ рІерѕірЅБріќрѕх рїцріЊ рѕџріњрѕхрЅ┤рѕГ рѕўрѕерїЃ рЅБрѕѕрѕўріерЅ│рЅ░рѕЅ рІГрѕЂріЋ рЅаріЦрѕГрїЇрїаріЮріљрЅх рІГрѕё ріљрІЇ рЅЦрІг рѕѕрѕўріЊрїѕрѕГ рІГріерЅЦрІ│рѕЇрЇб рїЇріЋ рѕхрѕФрІЇріЋ ріерЅЂрѕЮ ріљрЅарѕГ рІерѕџрЅєрїЦрѕГ рѕ░рѕФрЅ░ріърЅй ріерЅбрѕ«рІЅ рѕўрїЅрІ░рѕЅ рїЇрѕЇрїй ріљрІЇрЇб
ADDISSTANDARD.COM
News: Despite denial by EthiopiaРђЎs consul, number of coronavirus cases among Ethiopians in Lebanon reaches eight - Addis Standard",2,0,0,facebook,https://m.facebook.com/story.php?story_fbid=143823710554584&id=106695084267447
86,141966734073615,2020-05-12 22:52:50, ,"рЅарІГрѕГрїІрѕѕрѕЮ рІѕрІ░ 50 рІе Hawassa University Awada Business and Economics College 2009 GC ріФрѕЮрЇљрѕх рЅ░рѕЏрѕфрІјрЅй рЅарЇќрѕірѕх рѕўрІ░рЅЦрІ░рЅБрЅИрІЇріЋ ріеріаріерЅБрЅб рѕ░рІјрЅй рѕўрѕерІ│рЅх рЅйрѕѕріЊрѕЇрЇб рЅарїЦрІГрЅх рЅ░рѕўрЅхрЅ│ рІерЅ░рЅєрѕ░рѕѕрЅй ріаріЋрІх рЅ░рѕўрѕфрѕЮ ріарѕѕрЅйрЇб ріФрѕЮрЇљрѕ▒ рЅарі«рѕ«ріЊрІЇ рІѕрѕерѕГрѕйріЮ рѕЮріГріЋрІФрЅх рЅ░рІўрїЇрЅХ рЅ░рѕЏрѕфрІјрЅй рІѕрІ░ рЅцрЅ░рѕ░рЅдрЅ╗рЅИрІЇ ріЦріЋрІ▓рѕўрѕѕрѕ▒ріЊ рі«рѕїрїЂ рІерЅ░рѕЏрѕфрІјрЅ╣ рѕўрїЊрІБ рІѕрїф ріЦріЋрІ▓рѕИрЇЇріЋ ріерЅхрѕЮрѕЁрѕГрЅх рѕџріњрѕхрЅ┤рѕГ рЅхрІЋрІЏрІЮ рЅ░рѕІрѕЇрЇј ріљрЅарѕГрЇб ріерЅ░рѕЏрѕфрІјрЅй ріЦріЋрІ░рѕ░рѕЏріљрІЇ рѕѕрїЇрѕГрїЇрѕЕ рѕўріљрѕ╗ рі«рѕїрїЂ рІерЅ░рѕЏрѕфрІјрЅй рІерЅхрѕФріЋрѕхрЇќрѕГрЅх рІѕрїф ріаріЋрѕИрЇЇріЋрѕЮ рѕЏрѕѕрЅ▒ ріљрЅарѕГрЇб рЅ░рѕЏрѕфрІјрЅй рЅ░рЅЃрІЇрѕърІІрЅИрІЇріЋ рѕ▓рІФрѕ░рѕЎ рїЇрІю ріљрІЇ рІерЅ│рїарЅђ рЇїрІ┤рѕФрѕЇ рЇќрѕірѕх рїЇрЅбрІЇріЋ рІѕрѕерІЇ рЅ░рѕЏрѕфрІјрЅй рѕІрІГ рІхрЅЦрІ░рЅБрІЇріЋ рІерЇѕрїИрѕЎрЅхрЇб рЅЂрїЦрѕФрЅИрІЇ ріе12 рІерЅарѕѕрїа рѕ┤рЅх рЅ░рѕЏрѕфрІјрЅй ріГрЇЅріЏ рѕўрІ░рЅЦрІ░рЅБрЅИрІЇрѕЮ рЅ│рІЇрЅІрѕЇрЇб
ADDISSTANDARD.COM
Analysis: Stranded uni students in Yirgalem sustain severe abuse by security forces as campus reneges on promises - Addis Standard",1,0,0,facebook,https://m.facebook.com/story.php?story_fbid=141966734073615&id=106695084267447
87,141785860758369,2020-05-12 09:32:38, ,"Factory workers, small business owners and others hard hit by the covid-19 pandemic shared their thoughts with my colleague Bileh Jelan and I. Also, a bit about arrests and police crackdowns ordered as part of the nationwide state of emergency. Frontline workers also have their say. How are Ethiopians coping with the coronavirus?
ADDISSTANDARD.COM
Feature Analysis: Ethiopians brace for #COVID19 economic hardships, security crack down & political uncertainty - Addis Standard",4,0,0,facebook,https://m.facebook.com/story.php?story_fbid=141785860758369&id=106695084267447
88,139902667613355,2020-05-06 21:07:13, ,"рІерѕірЅБріќрѕх ріљрІІрѕф рібрЅхрІ«рїхрІФрІЇрІФріЋ рїЅрІ│рІГ ріЦрїЁрїЇ рЅарїБрѕЮ ріарѕхріерЇі ріЦрІерѕєріљ рѕўрїЦрЅирѕЇрЇб рѕхрѕѕ рїерЅІріЎ рІеріерЇѕрѕІ ріарѕ░рѕФрѕГріЊ рЅйрїЇрѕЕ ріерѕЮріЋрїЕ рѕЮріЋрІхріљрІЇ рІерѕџрѕѕрІЇ рІЎрѕГрІФ ріерЇќрІхріФрѕхрЅх ріарІўрїІрїЁріЊ рїЦрѕЕ рІѕрІ│рїё рІерѕєріљрІЇ рѕірЅБріќрѕ│рІірІЇ рѕЮрѕЂрѕГ Joey Ayoub рїІрѕГ рЅарЇЋрѕ«рїЇрѕФрѕЎ рЅ░рІѕрІФрІГрЅ░ріЊрѕЇрЇб рІерібрЅхрІ«рїхрІФ рѕўріЋрїЇрѕхрЅхріЊ рЅарЅцрѕЕрЅ▒ рЅєріЋрѕхрѕІ рЅаріЕрѕЇ рѕѕрЅйрїЇрѕЕ рѕўрЅБрЅБрѕх рѕџріЊрЅИрІЇ рѕЮріЋрІхріљрЅарѕГрЇц рЅарѕірЅБріќрѕх рѕЏрѕЁрЅарѕерѕ░рЅЦ рІерЅцрЅх рѕ░рѕФрЅ░ріърЅй рѕўрїѕрІ░рѕЇ ріЦріЋрІ░рЅ░рѕФ ріљрїѕрѕГ рѕўрЅєрїарѕЕ рѕЮріГріЋрІФрЅ▒ рѕЮріЋрІхріљрІЇ рІерѕџрѕЅрЅхріЋрѕЮ рІ│рѕхрѕ░ріЊрѕЇрЇб рІЇрІГрІГрЅ│рЅйріЋ рѕѕрѕЏрІ│рѕўрїЦ ріерѕіріЋріЕ рІЇрѕхрїЦ playріЋ рѕўрїФріЋ ріљрІЇрЇб рЅарѕірЅБріќрѕх рЅарѕўрЅХ рѕ║рѕЁрІјрЅй рІерѕџрЅєрїарѕЕ рібрЅхрІ«рїхрІФрІЇрІФріЋ рІГрїѕріЏрѕЅрЇц ріарЅЦрІЏріЏрІјрЅ╣ рЅарЅцрЅх рѕ░рѕФрЅ░ріЮріљрЅх рІѕрѕІрїЁ рІерѕџрїдрѕЕ рѕЇрїЁріЋ рІерѕџрІФрѕхрЅ░рѕЮрѕЕ рІеріГрЇЇрѕѕ рѕЃрїѕрѕГ рѕЇрїєрЅй ріЊрЅИрІЇрЇб рЅБрѕЂріЉ рѕ░рІЊрЅх рЅарі«рѕ«ріЊрІЇ рІѕрѕерѕГрѕйріЮ рѕЮріГріЋрІФрЅх рЅЦрІЎрІјрЅ╣ ріерѕхрѕФрЅИрІЇ рЅ░рѕ░ріЊрЅЦрЅ░рІЇ рѕѕрѕерѕЃрЅЦріЊ рѕѕріарѕхріерЇі ріЦріЋрїЇрѕЇрЅх рЅ░рїІрѕЇрїарІІрѕЇрЇб
рѕѕрѕЎрІФ ріарїІрѕ«рЅ╝ рЅарІерѕўрІхрѕері«рЅ╗рЅйрѕЂ рїЕріИрЅ│рЅИрІЇ рѕЏрѕ░рѕЏрЅ▒ рѕІрІГ рЅарїІрѕФ рЅЦріЋрѕ░рѕЏрѕФ рѕўріЋрїЇрѕхрЅх рїЇрІ┤рЅ│рІЇріЋ ріЦріЋрІ▓рІѕрїБ рїФріЊ ріЦріЊрѕ│рІхрѕГрЅарЅ│рѕѕріЋрЇб
THEFIRETHISTI.ME
17. What the Lebanese Should Know About Ethiopia",3,0,0,facebook,https://m.facebook.com/story.php?story_fbid=139902667613355&id=106695084267447
89,127482252188730,2020-04-02 10:21:43, ,"рІерѕірЅБріќрѕх рѕўріЋрїЇрѕхрЅх ріері«рѕ«ріЊ рІѕрѕерѕГрѕйріЮ рѕѕрѕўрѕИрѕй рѕѕрЇѕрѕѕрїЅріЊ рІерѕўріќрѕГрІФ рѕ░ріљрІх рІФрїА рѕхрІ░рЅ░ріърЅй рІѕрІ░ рѕђрїѕрѕФрЅИрІЇ ріЦріЋрІ▓рѕўрѕѕрѕ▒ рІерЅЁрїБрЅхріЊ рІерѕўрїЊрІБ рЅ▓рігрЅх рЅарѕірЅБріќрѕх рѕірѕФ рІѕрІ░ 250 рІХрѕІрѕГ рїѕрІ░рѕЏ ріерЇЇрѕѕрІЇ рІерѕџрѕ│рЇѕрѕЕрЅарЅхріЋ рѕхрѕЮрѕЮріљрЅх рѕІрІГ рѕўрІхрѕерѕ▒ рІеріФрЅ▓рЅх 25 ріЦрѕѕрЅх рїѕрѕЇрїЙ ріљрЅарѕГрЇб рѕѕрІѕрѕФрЅх рІФріГрѕЇ ріерІюрїјрЅ╣ 550 рІХрѕІрѕГ ріЦрІерїарІерЅђ рІеріерѕерѕўрІЇ рІерібрЅхрІ«рїхрІФ рЅєріЋрѕхрѕІ рѕўрѕерїЃрІЇріЋ ріерібрЅхрІ«рїхрІФрІЇрІФріЋ рІерЅцрЅх рѕ░рѕФрЅ░ріърЅй рЅарѕўрІ░рЅарЅЂ рѕЮріГріЋрІФрЅх рІѕрѕерѕГрѕйріЎріЋ рЇѕрѕГрЅ░рІЇ рІерѕірЅБріќрѕх ріцрѕГрЇќрѕГрЅХрЅй ріерѕўрІЮрїІрЅ│рЅИрІЇ рЅарЇірЅх рЅарЅЂрїЦрѕГ рЅарІЏ рІерѕџрѕЅ рЅ░рїБрІхрЇѕрІЇ рЅ░рѕ»рѕЕрїарІЇ 550 рІХрѕІрѕГріЋ рЅ░рЅарІхрѕерІЇрѕЮ рЅбрѕєріЋ рЅ░рЅђрЅЦрѕѕрІЇ рЅарѕЏрѕхрѕеріерЅЦ рЅарїЦрЅѓрЅх рЅђріЊрЅх рІЇрѕхрїЦ рЅЦрІЎ рїѕрЅб рѕѕрЅєріЋрѕхрѕІрІЇ ріарѕхрїѕріЮрЅ░рІІрѕЇрЇб рѕ░рѕъріЋріЋ рЅарІюрїјрЅ╗рЅйріЋ рѕхрїІрЅхріЊ рЅарі«рѕ«ріЊрІЇ рІѕрѕерѕГрѕйріЮ рІеріљрїѕрІ▒ рІ▓рЇЋрѕјрѕЏрЅХрЅй ріБрѕЅ рІГрѕЅріЊрѕЇ рЅарЅцрѕЕрЅх рІерѕџрїѕріЎ рібрЅхрІ«рїхрІФрІЇрІФріЋрЇб
https://addisstandard.com/in-depth-analysis-amidst-fear-of-covid19-ethiopian-domestic-workers-coerced-into-making-heavy-payments-to-flee-lebanon/?fbclid=IwAR2QS9a7_ARgyQrya-BNztlksF4NtdR-PaFSToBocMikb-eQYBiGs0VYkgU
ADDISSTANDARD.COM
In-depth Analysis: Amidst fear of #COVID19 Ethiopian domestic workers coerced into making heavy payments to flee Lebanon - Addis Standard",2,2,1,facebook,https://m.facebook.com/story.php?story_fbid=127482252188730&id=106695084267447
